Entity,Code,Year,Annual CO? emissions (tonnes ),Net forest conversion
Algeria,DZA,1990,76736640.21,-8800
Algeria,DZA,2000,87442682.76,33900
Algeria,DZA,2010,117814076.6,7600
Algeria,DZA,2015,150592497.7,-1400
Argentina,ARG,1990,111890017.8,-182600
Argentina,ARG,2000,141716804.3,-316400
Argentina,ARG,2010,186686451.5,-223400
Argentina,ARG,2015,206367967.5,-104800
Australia,AUS,1990,278424375.7,-206810
Australia,AUS,2000,350194581.8,-226800
Australia,AUS,2010,406752772.7,709680
Australia,AUS,2015,402995453.4,909680
Austria,AUT,1990,62292228.93,6250
Austria,AUT,2000,66261743.06,2510
Austria,AUT,2010,72383144.13,3600
Austria,AUT,2015,66703987.93,3590
Azerbaijan,AZE,1990,63052952.43,6080
Azerbaijan,AZE,2000,29506320,9080
Azerbaijan,AZE,2010,30632888,11160
Azerbaijan,AZE,2015,40241429.05,14160
Bahrain,BHR,1990,12405381.15,10
Bahrain,BHR,2000,18617914.65,10
Bahrain,BHR,2010,29074829.99,20
Bahrain,BHR,2015,32846928.17,20
Bangladesh,BGD,1990,15489962.47,0
Bangladesh,BGD,2000,27504891.51,-3200
Bangladesh,BGD,2010,58281848.69,-990
Bangladesh,BGD,2015,83500786.53,0
Belarus,BLR,1990,104134684,18110
Belarus,BLR,2000,55458034.89,26110
Belarus,BLR,2010,63862389.67,19900
Belarus,BLR,2015,58965752.83,26820
Belgium,BEL,2000,120484399.3,-210
Belgium,BEL,2000,126794789.3,-110
Belgium,BEL,2010,113582031.4,-110
Belgium,BEL,2015,100229489.8,0
Belize,BLZ,1990,311440,-14070
Belize,BLZ,2000,395712,-6790
Belize,BLZ,2010,538608,-11710
Belize,BLZ,2015,522260.9,-11160
Bhutan,BTN,1990,128240,9930
Bhutan,BTN,2000,381687.01,9930
Bhutan,BTN,2010,464157.57,1980
Bhutan,BTN,2015,987956.94,1980
Bolivia,BOL,1990,5726770.92,-270330
Bolivia,BOL,2000,11004693.64,-201540
Bolivia,BOL,2010,14941383.54,-211760
Bolivia,BOL,2015,20001925.37,-238690
Brazil,BRA,1990,206921120,-3780940
Brazil,BRA,2000,324226040,-3950790
Brazil,BRA,2010,411240192,-1539180
Brazil,BRA,2015,512081882,-1453040
Bulgaria,BGR,1990,78672941.86,4800
Bulgaria,BGR,2000,45213926.4,36200
Bulgaria,BGR,2010,47792803.35,19200
Bulgaria,BGR,2015,48132691.51,12000
Burundi,BDI,1990,208848,-8250
Burundi,BDI,2000,271136,0
Burundi,BDI,2010,212512,17140
Burundi,BDI,2015,476657.53,0
Cameroon,CMR,1990,1678198.38,-90250
Cameroon,CMR,2000,3345847.83,-69700
Cameroon,CMR,2010,6662026.91,-56000
Cameroon,CMR,2015,7217410.36,-56000
Canada,CAN,1990,463879790.7,-47100
Canada,CAN,2000,572530740,-47980
Canada,CAN,2010,555459693.7,-41300
Canada,CAN,2015,565576677,-37520
Cape Verde,CPV,1990,95264,300
Cape Verde,CPV,2000,216176,300
Cape Verde,CPV,2010,556928,300
Cape Verde,CPV,2015,497209.34,300
Cayman Islands,CYM,1990,249152,-20
Cayman Islands,CYM,2000,465328,-20
Cayman Islands,CYM,2010,556928,0
Cayman Islands,CYM,2015,575248,0
Central African Republic,CAF,1990,197856,-30000
Central African Republic,CAF,2000,267472,-30000
Central African Republic,CAF,2010,263808,-30000
Central African Republic,CAF,2015,303462.51,-30000
Chile,CHL,1990,32946676.07,57100
Chile,CHL,2000,58113694.29,90820
Chile,CHL,2010,71329785.86,174160
Chile,CHL,2015,81161248.54,122920
China,CHN,1990,2420302108,1986000
China,CHN,2000,3349294776,2360980
China,CHN,2010,8500542695,1936770
China,CHN,2015,9716467840,1936790
Colombia,COL,1990,56916708.07,-222260
Colombia,COL,2000,56215715.58,-192770
Colombia,COL,2010,75300420,-134630
Colombia,COL,2015,86022257.01,-198550
Costa Rica,CRI,1990,2911985.11,-5020
Costa Rica,CRI,2000,5394476.45,1400
Costa Rica,CRI,2010,7428009.93,16370
Costa Rica,CRI,2015,8172100.49,16370
Croatia,HRV,1990,23441965.06,3500
Croatia,HRV,2000,19815735.27,35
Croatia,HRV,2010,21245083.26,400
Croatia,HRV,2015,17996567.99,3420
Cuba,CUB,1990,33116643.11,37700
Cuba,CUB,2000,25944239.19,49700
Cuba,CUB,2010,38172174.33,50400
Cuba,CUB,2015,36000804.61,11600
Denmark,DNK,1990,53600874.68,4020
Denmark,DNK,2000,54307550.56,1490
Denmark,DNK,2010,49292274.56,7640
Denmark,DNK,2015,35315117.86,750
Djibouti,DJI,1990,322432,0
Djibouti,DJI,2000,340752,0
Djibouti,DJI,2010,516624,0
Djibouti,DJI,2015,740485.3,40
Dominican Republic,DOM,1990,9151661.33,37760
Dominican Republic,DOM,2000,19593674,10070
Dominican Republic,DOM,2010,20574429.09,6110
Dominican Republic,DOM,2015,21471109.36,6110
Ecuador,ECU,1990,16710583.14,-90170
Ecuador,ECU,2000,20562617.58,-70230
Ecuador,ECU,2010,35884097.21,-41800
Ecuador,ECU,2015,41874351.47,-64270
El Salvador,SLV,1990,2467169.72,-4500
El Salvador,SLV,2000,5660887.26,-4500
El Salvador,SLV,2010,6317045.02,-4500
El Salvador,SLV,2015,6537869.76,-4500
Equatorial Guinea,GNQ,1990,65952,-8360
Equatorial Guinea,GNQ,2000,454336,-8360
Equatorial Guinea,GNQ,2010,4675264,-8360
Equatorial Guinea,GNQ,2015,5836456.68,-8360
Estonia,EST,1990,37068977.48,9710
Estonia,EST,2000,15362207.36,9710
Estonia,EST,2010,19014857.92,17000
Estonia,EST,2015,15891068.25,3480
Ethiopia,ETH,1990,2985775.69,-73000
Ethiopia,ETH,2000,3463787.2,-73000
Ethiopia,ETH,2010,6395734.24,-73000
Ethiopia,ETH,2015,12381426.48,-73000
Falkland Islands,FLK,1990,40304,0
Falkland Islands,FLK,2000,36640,0
Falkland Islands,FLK,2010,54960,0
Falkland Islands,FLK,2015,72960,0
Finland,FIN,1990,56966986.68,57030
Finland,FIN,2000,57041531.95,-20360
Finland,FIN,2010,63991753.14,33400
Finland,FIN,2015,44346080.46,33400
Gabon,GAB,1990,4485398.85,-6110
Gabon,GAB,2000,4669870.17,-5060
Gabon,GAB,2010,4782305.7,-11880
Gabon,GAB,2015,5287067.71,-11880
Georgia,GEO,1990,17153177.81,6180
Georgia,GEO,2000,4499409.28,6180
Georgia,GEO,2010,6209072.14,0
Georgia,GEO,2015,9463617.64,0
Germany,DEU,1990,1012901808,5400
Germany,DEU,2000,900960091.2,5500
Germany,DEU,2010,833684918,2000
Germany,DEU,2015,797078165.2,0
Gibraltar,GIB,1990,142896,0
Gibraltar,GIB,2000,333424,0
Gibraltar,GIB,2010,465328,0
Gibraltar,GIB,2015,595328,0
Greenland,GRL,1990,553264,0
Greenland,GRL,2000,531280,0
Greenland,GRL,2010,663184,0
Greenland,GRL,2015,522689.92,0
Guadeloupe,GLP,1990,1282400,-90
Guadeloupe,GLP,2000,1912608,-70
Guadeloupe,GLP,2010,2297328,130
Guadeloupe,GLP,2015,3397328,-60
Guatemala,GTM,1990,4970142.45,-57200
Guatemala,GTM,2000,9765786.27,-48660
Guatemala,GTM,2010,11361478.79,-27360
Guatemala,GTM,2015,19803255.93,-11600
Guinea,GIN,1990,1003936,-34700
Guinea,GIN,2000,1613125.69,-44700
Guinea,GIN,2010,2574920.21,-50700
Guinea,GIN,2015,2445285.46,-34700
Guyana,GUY,1990,1132176,-3790
Guyana,GUY,2000,1608496,-4440
Guyana,GUY,2010,1718416,-11690
Guyana,GUY,2015,2017874.42,-9200
Honduras,HND,1990,2546796.8,-20950
Honduras,HND,2000,4934153.31,-20280
Honduras,HND,2010,7800705.96,-22330
Honduras,HND,2015,10055183.31,-20910
Hungary,HUN,1990,73455459.18,10730
Hungary,HUN,2000,58551660.59,12520
Hungary,HUN,2010,52120536.86,2890
Hungary,HUN,2015,46665206.05,-1560
Iceland,ISL,1990,2237420.56,1280
Iceland,ISL,2000,2933983.78,1480
Iceland,ISL,2010,3620931.2,700
Iceland,ISL,2015,3536411.99,640
India,IND,1990,616579098.4,365300
India,IND,2000,1029637759,190500
India,IND,2010,1700027394,266400
India,IND,2015,2276407195,266400
Indonesia,IDN,1990,150345427.3,-1726500
Indonesia,IDN,2000,265983184,-162080
Indonesia,IDN,2010,427789520,-162080
Indonesia,IDN,2015,459628755.9,-578940
Iraq,IRQ,1990,46843774.39,1400
Iraq,IRQ,2000,71715411.94,700
Iraq,IRQ,2010,110985346.7,0
Iraq,IRQ,2015,167711898.4,0
Ireland,IRL,1990,32877935.7,16870
Ireland,IRL,2000,45193952.6,9000
Ireland,IRL,2010,41679517.5,6860
Ireland,IRL,2015,38443649.01,5470
Italy,ITA,1990,439944101.6,53810
Italy,ITA,2000,470767746.9,10810
Italy,ITA,2010,424873161.2,23810
Italy,ITA,2015,355483213.9,33810
Jamaica,JAM,1990,7527131.68,-30
Jamaica,JAM,2000,10313989.68,3740
Jamaica,JAM,2010,7259598.88,3800
Jamaica,JAM,2015,7697687.97,3890
Kuwait,KWT,1990,50886231.43,140
Kuwait,KWT,2000,53384077.5,140
Kuwait,KWT,2010,89272224.68,0
Kuwait,KWT,2015,102327013.1,0
Kyrgyzstan,KGZ,1990,2401483.09,4880
Kyrgyzstan,KGZ,2000,4602483.09,4880
Kyrgyzstan,KGZ,2010,6312857.93,4430
Kyrgyzstan,KGZ,2015,9929439.7,12710
Latvia,LVA,1990,19805894.32,10110
Latvia,LVA,2000,7099045.69,13110
Latvia,LVA,2010,8646955.88,3860
Latvia,LVA,2015,7333661.4,3870
Liberia,LBR,1990,468137,-30260
Liberia,LBR,2000,414446.27,-30260
Liberia,LBR,2010,783136.57,-30260
Liberia,LBR,2015,912882.78,-30260
Lithuania,LTU,1990,35787206.01,10000
Lithuania,LTU,2000,11788024.43,15000
Lithuania,LTU,2010,13712631.72,3400
Lithuania,LTU,2015,13141591.53,2800
Madagascar,MDG,1990,943811.42,-66900
Madagascar,MDG,2000,1867464.39,-46900
Madagascar,MDG,2010,1938343.65,-56900
Madagascar,MDG,2015,3047427.59,-66900
Malawi,MWI,1990,739063.56,-42000
Malawi,MWI,2000,853849.16,-42000
Malawi,MWI,2010,1121620.67,-42000
Malawi,MWI,2015,1275217.4,-42000
Maldives,MDV,1990,172208,0
Maldives,MDV,2000,450672,0
Maldives,MDV,2010,934320,0
Maldives,MDV,2015,1455428.8,0
Mali,MLI,1990,419423.28,-79000
Mali,MLI,2000,820736,-79000
Mali,MLI,2010,963632,-79000
Mali,MLI,2015,1428549.23,0
Martinique,MTQ,1990,1608496,90
Martinique,MTQ,2000,1740400,150
Martinique,MTQ,2010,2007872,200
Martinique,MTQ,2015,2457872,200
Mauritania,MRT,1990,853712,-5440
Mauritania,MRT,2000,1113856,-5440
Mauritania,MRT,2010,1960240,-5440
Mauritania,MRT,2015,2352468.08,-5450
Mauritius,MUS,1990,1461936,90
Mauritius,MUS,2000,2689376,-350
Mauritius,MUS,2010,3913152,-20
Mauritius,MUS,2015,4161912.72,90
Mexico,MEX,1990,318414806,-221030
Mexico,MEX,2000,397899666.1,-143800
Mexico,MEX,2010,466090651.8,-122480
Mexico,MEX,2015,477273652.5,-127770
Moldova,MDA,1990,0,2010
Moldova,MDA,2000,3572952,3010
Moldova,MDA,2010,4830905.3,2380
Moldova,MDA,2015,4948742.28,20
Mongolia,MNG,1990,9889986,-8810
Mongolia,MNG,2000,7486846,-8000
Mongolia,MNG,2010,13819950,-1110
Mongolia,MNG,2015,20356364.1,-1110
Montenegro,MNE,1990,2550905.65,0
Montenegro,MNE,2000,1738422.42,0
Montenegro,MNE,2010,2579456,0
Montenegro,MNE,2015,2439182.66,0
Morocco,MAR,1990,23502045.27,2120
Morocco,MAR,2000,33576916,16800
Morocco,MAR,2010,56199984,2020
Morocco,MAR,2015,61043227.64,11560
Mozambique,MOZ,1990,1015154.71,-219000
Mozambique,MOZ,2000,1322771.19,-221590
Mozambique,MOZ,2010,2633894.8,-206430
Mozambique,MOZ,2015,9018443.03,-239250
Myanmar,MMR,1990,4234799.53,-435000
Myanmar,MMR,2000,10042497.78,-342700
Myanmar,MMR,2010,12442629.28,-289710
Myanmar,MMR,2015,23440667.09,-289710
Nauru,NRU,1990,124576,0
Nauru,NRU,2000,84272,0
Nauru,NRU,2010,43968,0
Nauru,NRU,2015,51979.6,0
Nepal,NPL,1990,623847.59,10880
Nepal,NPL,2000,3038016.77,18130
Nepal,NPL,2010,4894005.28,0
Nepal,NPL,2015,7585431.17,0
Netherlands,NLD,1990,162440836.2,1420
Netherlands,NLD,2000,171935801.2,1400
Netherlands,NLD,2010,182179635.6,-1730
Netherlands,NLD,2015,165029876.6,930
New Zealand,NZL,1990,25453569.53,47820
New Zealand,NZL,2000,32359158.05,-230
New Zealand,NZL,2010,35010698.68,-300
New Zealand,NZL,2015,35837107.97,9200
Nicaragua,NIC,1990,2043946.22,-100000
Nicaragua,NIC,2000,3721060.93,-121120
Nicaragua,NIC,2010,4468989.51,-56120
Nicaragua,NIC,2015,5068578.87,-100000
Niger,NER,1990,730863.28,-61690
Niger,NER,2000,692703.13,-12420
Niger,NER,2010,1169165.03,-12420
Niger,NER,2015,2089385.41,-12420
Nigeria,NGA,1990,38857203.74,-163300
Nigeria,NGA,2000,75759957.08,-163310
Nigeria,NGA,2010,90315357.11,-163310
Nigeria,NGA,2015,103824542.8,-163300
North Korea,PRK,1990,122399984.2,-45730
North Korea,PRK,2000,69166025.84,-21230
North Korea,PRK,2010,65687223.7,-21230
North Korea,PRK,2015,38403906.44,-21230
Norway,NOR,1990,35704388.09,-1900
Norway,NOR,2000,42215884.96,-1100
Norway,NOR,2010,45823277.24,7800
Norway,NOR,2015,44663734.54,7800
Panama,PAN,1990,2746211.02,-16530
Panama,PAN,2000,5717008.83,-11420
Panama,PAN,2010,8999435.59,-11420
Panama,PAN,2015,9607797.41,-11410
Papua New Guinea,PNG,1990,2139776,-12170
Papua New Guinea,PNG,2000,2663728,-9910
Papua New Guinea,PNG,2010,4736381.57,-30900
Papua New Guinea,PNG,2015,6876939.76,-33530
Paraguay,PRY,1990,2146875.8,-255420
Paraguay,PRY,2000,3653883.07,-342140
Paraguay,PRY,2010,5026004.75,-414250
Paraguay,PRY,2015,5698272.49,-279340
Peru,PER,1990,20952537.36,-115070
Peru,PER,2000,30078268.09,-124800
Peru,PER,2010,56677887.51,-171050
Peru,PER,2015,62749512.57,-172830
Poland,POL,1990,376038705.7,17700
Poland,POL,2000,317097260.4,27000
Poland,POL,2010,332130710.9,18200
Poland,POL,2015,310615142.9,12600
Portugal,PRT,1990,45579085.94,12000
Portugal,PRT,2000,66044345.51,12000
Portugal,PRT,2010,52881799.72,12000
Portugal,PRT,2015,52195200.53,12000
Qatar,QAT,1990,11743657.28,0
Qatar,QAT,2000,34566150.38,0
Qatar,QAT,2010,71919911.52,0
Qatar,QAT,2015,120547210.6,0
Romania,ROU,1990,171231788.3,14900
Romania,ROU,2000,93538381.76,14900
Romania,ROU,2010,83551258.13,69200
Romania,ROU,2015,77788220.45,13610
Russia,RUS,1990,2571210651,10000
Russia,RUS,2000,1499616209,586710
Russia,RUS,2010,1657560679,-41030
Russia,RUS,2015,1671895079,76230
Sao Tome and Principe,STP,1990,47632,-30
Sao Tome and Principe,STP,2000,47632,-30
Sao Tome and Principe,STP,2010,98928,-620
Sao Tome and Principe,STP,2015,114723.63,-620
Senegal,SEN,1990,3139035.39,-40000
Senegal,SEN,2000,3809306.06,-40000
Senegal,SEN,2010,7280072.95,-40000
Senegal,SEN,2015,8114907.2,-40000
Serbia,SRB,1990,57607543.09,1310
Serbia,SRB,200,39380545.58,1310
Serbia,SRB,2010,45696360,1310
Serbia,SRB,2015,41337481.68,620
Singapore,SGP,1990,44290565.9,220
Singapore,SGP,2000,48856301.08,70
Singapore,SGP,2010,55597536,-250
Singapore,SGP,2015,60720563.87,-180
Slovenia,SVN,1990,15074429.75,1400
Slovenia,SVN,2000,15430093.6,1400
Slovenia,SVN,2010,16352627.37,200
Slovenia,SVN,2015,13599142.03,-2030
Somalia,SOM,1990,729572.14,-76750
Somalia,SOM,2000,479984,-76750
Somalia,SOM,2010,611888,-76750
Somalia,SOM,2015,663649.94,-76750
South Africa,ZAF,1990,312629945.2,-36400
South Africa,ZAF,2000,377730906,-36400
South Africa,ZAF,2010,472482580,-36400
South Africa,ZAF,2015,461116585.6,-36400
South Korea,KOR,1990,247438196.7,-7500
South Korea,KOR,2000,445440883.6,-8900
South Korea,KOR,2010,565960924.7,-10000
South Korea,KOR,2015,590557520.6,-10000
Spain,ESP,1990,231895048.4,45140
Spain,ESP,2000,311926058.9,145140
Spain,ESP,2010,283877489.7,1170
Spain,ESP,2015,271727199.5,4200
Sudan,SDN,1990,5217536,-170080
Sudan,SDN,2000,5528976,-170080
Sudan,SDN,2010,15927408,-170080
Sudan,SDN,2015,16296886.34,-170080
Suriname,SUR,1990,1767344.06,-3680
Suriname,SUR,2000,2191817.73,-4100
Suriname,SUR,2010,2395354.87,-9640
Suriname,SUR,2015,1997218.84,-11080
Sweden,SUR,2015,57506342.82,-11080
Sweden,SWE,1990,54724980.5,10000
Sweden,SWE,2000,52927274.75,-9000
Sweden,SWE,2010,43385556.99,-18600
Switzerland,SWE,2015,44161939.66,0
Switzerland,CHE,1990,43611917.32,4270
Switzerland,CHE,2000,45045102.6,3850
Switzerland,CHE,2010,38738547.13,3440
Syria,CHE,2015,37045258.64,3440
Syria,SYR,1990,50481494.92,6000
Syria,SYR,2000,60716402.04,4870
Syria,SYR,2010,28925241.22,3550
Tanzania,SYR,2015,2217225.25,3550
Tanzania,TZA,1990,2570946.82,-372000
Tanzania,TZA,2000,6840606.6,-372000
Tanzania,TZA,2010,12453503.48,-372000
Thailand,TZA,2015,89390102.02,-469000
Thailand,THA,1990,179263989.8,-36300
Thailand,THA,2000,279428513.3,107500
Thailand,THA,2010,320574008.8,-2400
Togo,THA,2015,972673.97,-37600
Togo,TGO,1990,1331372,-9320
Togo,TGO,2000,2599362,-2960
Togo,TGO,2010,2640302.26,-2960
Tunisia,TGO,2015,13167427.19,-2960
Tunisia,TUN,1990,19670323.94,2390
Tunisia,TUN,2000,27102531.27,1960
Tunisia,TUN,2010,26404669.06,1530
Turkey,TUN,2015,146507199.6,1530
Turkey,TUR,1990,226029842.5,36490
Turkey,TUR,2000,319528399.8,93470
Turkey,TUR,2010,380858096.4,109440
Uganda,TUR,2015,755865.71,118010
Uganda,UGA,1990,1394391.33,-41250
Uganda,UGA,2000,3765155.98,-41250
Uganda,UGA,2010,5324763.26,-41250
Ukraine,UGA,2015,705832231,-41250
Ukraine,UKR,1990,279537842.8,3800
Ukraine,UKR,2000,293518810.8,3800
Ukraine,UKR,2010,223579698.1,21800
United Kingdom,UKR,2015,601067551.5,6600
United Kingdom,GBR,1990,567061452.3,10500
United Kingdom,GBR,2000,512214253.3,10500
United Kingdom,GBR,2010,422662553.9,19200
United States,GBR,2015,5121264461,19200
United States,USA,1990,6000606067,108600
United States,USA,2000,5701075808,518400
United States,USA,2010,5420804127,275000
Uruguay,USA,2015,3967093.14,275000
Uruguay,URY,1990,5267153.59,36230
Uruguay,URY,2000,6296711.38,36230
Uruguay,URY,2010,6651105.74,37740
Uzbekistan,URY,2015,124154260.4,37740
Uzbekistan,UZB,1990,121455636,38810
Uzbekistan,UZB,2000,103581488,38810
Uzbekistan,UZB,2010,110669325.1,39960
Venezuela,UZB,2015,121821980.8,28050
Venezuela,VEN,1990,151871027.6,-287500
Venezuela,VEN,2000,188179332.3,-164600
Venezuela,VEN,2010,176897278.5,-164400
Vietnam,VEN,2015,21163212.03,-90420
Vietnam,VNM,1990,52332095.73,240810
Vietnam,VNM,2000,136113090.3,160400
Vietnam,VNM,2010,184501879.2,134760
World,VNM,2015,22181807367,116250
World,OWID_WRL,1990,24558691083,-7818000
World,OWID_WRL,2000,33066651212,-5117000
World,OWID_WRL,2010,35462746737,-4801000
Zambia,OWID_WRL,2015,2405799.25,-5150000
Zambia,ZMB,1990,1785056.59,-35800
Zambia,ZMB,2000,2562578.27,-35800
Zambia,ZMB,2010,4401412.84,-188180
Zimbabwe,ZWE,1990,15569294.66,-46070
Zimbabwe,ZWE,2000,13818181.23,-46070
Zimbabwe,ZWE,2010,7681010.98,-46070
Zimbabwe,ZWE,2015,10907603.94,-46070
